mean_texture,mean_smoothness,mean_symmetry,area_error,concavity_error,concave_points_error,worst_symmetry,worst_fractal_dimension,target
10.38,0.1184,0.2419,153.4,0.05373,0.01587,0.4601,0.1189,0
17.77,0.08474,0.1812,74.08,0.0186,0.0134,0.275,0.08902,0
21.25,0.1096,0.2069,94.03,0.03832,0.02058,0.3613,0.08758,0
20.38,0.1425,0.2597,27.23,0.05661,0.01867,0.6638,0.173,0
14.34,0.1003,0.1809,94.44,0.05688,0.01885,0.2364,0.07678,0
15.7,0.1278,0.2087,27.19,0.03672,0.01137,0.3985,0.1244,0
19.98,0.09463,0.1794,53.91,0.02254,0.01039,0.3063,0.08368,0
20.83,0.1189,0.2196,50.96,0.02488,0.01448,0.3196,0.1151,0
21.82,0.1273,0.235,24.32,0.03553,0.01226,0.4378,0.1072,0
24.04,0.1186,0.203,23.94,0.07743,0.01432,0.4366,0.2075,0
23.24,0.08206,0.1528,40.51,0.01101,0.007591,0.2948,0.08452,0
17.89,0.0971,0.1842,54.16,0.02791,0.01282,0.3792,0.1048,0
24.8,0.0974,0.2397,116.2,0.0889,0.0409,0.3176,0.1023,0
23.95,0.08401,0.1847,36.58,0.05051,0.01992,0.2809,0.06287,0
22.61,0.1131,0.2069,19.21,0.05501,0.01628,0.3596,0.1431,0
27.54,0.1139,0.2303,32.55,0.04741,0.0109,0.4218,0.1341,0
20.13,0.09867,0.1586,45.4,0.01998,0.01109,0.3029,0.08216,0
20.68,0.117,0.2164,54.18,0.03188,0.01297,0.3706,0.1142,0
22.15,0.09831,0.1582,112.4,0.03391,0.01521,0.2768,0.07615,0
14.36,0.09779,0.1885,23.56,0.02387,0.01315,0.2977,0.07259,1
15.71,0.1075,0.1967,14.67,0.01698,0.00649,0.3184,0.08183,1
12.44,0.1024,0.1815,15.7,0.01985,0.01421,0.245,0.07773,1
14.26,0.1073,0.2521,44.91,0.06446,0.02252,0.4667,0.09946,0
23.04,0.09428,0.1769,93.99,0.01715,0.01038,0.2822,0.07526,0
21.38,0.1121,0.1995,102.6,0.02741,0.0113,0.3613,0.09564,0
16.4,0.1186,0.304,111.4,0.03732,0.02397,0.4066,0.1059,0
21.53,0.1054,0.2252,21.05,0.02681,0.01352,0.4264,0.1275,0
20.25,0.0944,0.1697,93.54,0.05081,0.01911,0.2341,0.07421,0
25.27,0.1082,0.1926,43.5,0.03576,0.01083,0.4027,0.09876,0
15.05,0.09847,0.1739,61.1,0.03407,0.01354,0.2756,0.07919,0
25.11,0.1064,0.2183,105.0,0.05196,0.01158,0.3444,0.09782,0
18.7,0.1109,0.2301,41.0,0.04205,0.01044,0.4761,0.1402,0
23.98,0.1197,0.2248,67.78,0.05042,0.01112,0.353,0.08482,0
26.47,0.09401,0.1853,68.17,0.03497,0.009643,0.3672,0.1123,0
17.88,0.104,0.1998,35.03,0.02664,0.009067,0.427,0.1233,0
21.59,0.0961,0.1896,45.19,0.03695,0.01195,0.4863,0.08633,0
21.72,0.09823,0.1885,24.91,0.04815,0.01161,0.3591,0.1014,0
18.42,0.08983,0.1467,14.16,0.01343,0.01164,0.1987,0.06169,1
25.2,0.09387,0.1565,106.0,0.01818,0.01917,0.1565,0.05504,0
20.82,0.1016,0.172,18.52,0.03049,0.01262,0.2807,0.1071,0
21.58,0.08162,0.1784,20.53,0.0139,0.006881,0.2994,0.07146,0
21.35,0.1227,0.1895,16.97,0.02595,0.01037,0.2964,0.09606,0
24.81,0.09081,0.231,104.9,0.09723,0.02638,0.467,0.1038,0
20.28,0.1041,0.1974,31.33,0.02185,0.00956,0.3739,0.1027,0
21.81,0.09714,0.1746,14.49,0.01452,0.006853,0.3693,0.09618,0
17.6,0.1099,0.1907,71.56,0.05554,0.01695,0.3799,0.09185,0
16.84,0.086,0.1769,8.205,0.01588,0.005917,0.3105,0.07409,1
18.66,0.1158,0.2128,24.25,0.02905,0.01215,0.39,0.1179,0
14.63,0.1031,0.1675,19.87,0.02322,0.00566,0.2747,0.08301,1
22.3,0.08752,0.1809,20.2,0.02095,0.01184,0.2871,0.06917,1
21.6,0.08637,0.1495,28.47,0.01168,0.007445,0.2433,0.06563,1
16.34,0.07685,0.1353,14.55,0.01079,0.007956,0.2346,0.08025,1
18.24,0.08261,0.1868,17.47,0.01311,0.008,0.2785,0.07408,1
18.7,0.1148,0.2092,98.81,0.02817,0.009222,0.3021,0.07987,0
22.02,0.09056,0.1616,29.91,0.01603,0.009222,0.2675,0.07873,0
18.75,0.09524,0.192,23.47,0.01349,0.00867,0.3306,0.07036,1
18.57,0.1053,0.1917,102.5,0.02945,0.01538,0.3537,0.08294,0
21.59,0.1137,0.2027,40.09,0.02572,0.01272,0.3698,0.1094,0
19.31,0.0806,0.1819,32.96,0.000692,0.004167,0.2439,0.06289,1
11.79,0.09752,0.1683,8.322,0.01981,0.005742,0.322,0.09026,1
14.88,0.1134,0.2743,34.62,0.007665,0.008193,0.3557,0.0802,1
20.98,0.1243,0.1828,18.39,0.03,0.009259,0.2972,0.07712,1
22.15,0.1049,0.1949,60.78,0.06899,0.01848,0.2844,0.1132,0
13.86,0.07721,0.2341,23.52,0.04312,0.0156,0.3282,0.0849,1
23.84,0.1122,0.1905,36.46,0.02973,0.0129,0.3383,0.1031,0
23.94,0.1172,0.1953,35.24,0.02315,0.01184,0.3321,0.08911,0
21.01,0.1044,0.1717,14.2,0.01714,0.009333,0.2878,0.09211,1
19.04,0.08139,0.1516,18.15,0.02063,0.008965,0.24,0.06641,1
17.33,0.1066,0.2111,17.67,0.3038,0.03322,0.4228,0.1175,1
16.49,0.09831,0.159,18.33,0.01585,0.008662,0.2383,0.0641,1
21.31,0.09009,0.1582,96.05,0.02269,0.0137,0.2551,0.06589,0
14.64,0.09783,0.1902,25.44,0.05671,0.01766,0.2254,0.1084,1
24.52,0.1071,0.1927,69.47,0.04252,0.01127,0.3313,0.1339,0
15.79,0.1007,0.1662,23.35,0.01759,0.009206,0.2589,0.103,0
16.52,0.09172,0.172,19.68,0.01826,0.007965,0.2618,0.07609,1
19.65,0.09168,0.1798,79.25,0.035,0.01809,0.265,0.06387,0
10.94,0.1291,0.2403,32.65,0.01162,0.008239,0.271,0.07191,1
16.15,0.1065,0.2152,134.8,0.04658,0.0207,0.3751,0.1108,0
23.97,0.1286,0.2906,116.4,0.1091,0.02593,0.544,0.09964,0
18.0,0.09934,0.1718,20.35,0.02071,0.008179,0.2779,0.07918,1
20.97,0.1102,0.1842,24.62,0.02586,0.007506,0.2762,0.08851,1
15.86,0.1078,0.1942,12.96,0.0398,0.01383,0.3527,0.1016,1
24.91,0.1063,0.1829,120.0,0.0573,0.0203,0.2355,0.1051,0
26.29,0.1215,0.1634,67.1,0.02134,0.01843,0.2311,0.09203,0
15.65,0.09723,0.2079,16.16,0.02007,0.007027,0.3379,0.07924,1
18.52,0.09874,0.2132,80.6,0.02806,0.0142,0.3695,0.08579,0
21.46,0.09444,0.2075,38.87,0.05371,0.01761,0.302,0.06846,0
24.59,0.09029,0.1953,57.65,0.0371,0.012,0.3956,0.09288,0
21.8,0.08772,0.193,20.95,0.02703,0.01293,0.2972,0.09261,1
15.24,0.1132,0.2116,42.76,0.04436,0.01623,0.3151,0.08473,1
24.02,0.08974,0.1685,33.76,0.01121,0.008606,0.2522,0.07246,1
22.76,0.092,0.1717,29.44,0.04531,0.01763,0.2556,0.06828,0
14.76,0.07355,0.1386,36.35,0.01358,0.01082,0.2027,0.06206,1
18.3,0.1022,0.1638,25.22,0.01872,0.009366,0.2678,0.06603,1
19.83,0.1039,0.1855,47.14,0.04867,0.01851,0.2834,0.08234,0
23.03,0.09078,0.2095,87.87,0.04232,0.01269,0.3689,0.08368,0
17.84,0.1045,0.19,24.44,0.01131,0.01519,0.2227,0.07376,1
19.94,0.1024,0.135,20.05,0.005308,0.00525,0.1934,0.08988,1
12.84,0.08983,0.162,15.75,0.01693,0.006884,0.2772,0.08756,1
19.77,0.09752,0.1879,26.85,0.03321,0.01424,0.2718,0.09353,0
24.98,0.09488,0.1609,43.14,0.02647,0.009921,0.2651,0.07397,0
13.43,0.117,0.193,9.833,0.0,0.0,0.2932,0.09382,1
20.52,0.08013,0.1739,14.68,0.01069,0.006797,0.2694,0.06878,1
19.4,0.1005,0.1945,11.77,0.03029,0.01112,0.2622,0.0849,1
19.29,0.09989,0.2217,23.13,0.0288,0.008614,0.2826,0.07552,1
15.56,0.1398,0.1925,34.66,0.05473,0.01388,0.3147,0.1405,0
18.33,0.1142,0.1801,20.62,0.02945,0.01398,0.2806,0.09097,1
18.54,0.08477,0.1602,9.227,0.01167,0.005558,0.2983,0.07185,1
19.67,0.1326,0.2556,170.0,0.104,0.0248,0.4055,0.09789,0
21.26,0.08759,0.1487,16.41,0.02443,0.006435,0.2829,0.08832,1
16.99,0.1037,0.1584,22.87,0.02722,0.01023,0.2533,0.08468,1
20.76,0.09933,0.1735,20.48,0.05101,0.02295,0.2226,0.08486,1
19.65,0.07837,0.1704,29.25,0.1435,0.02292,0.2398,0.1082,1
20.19,0.1122,0.1922,19.91,0.04591,0.01544,0.2383,0.09026,1
15.83,0.115,0.1649,8.966,0.03259,0.0104,0.2926,0.1017,1
21.53,0.09768,0.1688,24.79,0.01835,0.007711,0.2438,0.08541,1
15.76,0.09462,0.1305,16.94,0.09263,0.02308,0.1652,0.07722,1
16.67,0.1162,0.2157,41.18,0.03011,0.01271,0.3585,0.1065,0
22.91,0.1155,0.2096,58.63,0.0595,0.0139,0.3274,0.1252,0
20.01,0.08402,0.2129,54.04,0.02291,0.009863,0.4882,0.06111,0
10.82,0.09373,0.1667,10.5,0.01514,0.00646,0.3016,0.08523,1
17.12,0.1054,0.1966,90.47,0.03342,0.01601,0.2894,0.08456,0
20.2,0.1447,0.2655,233.0,0.1278,0.01822,0.3222,0.08009,0
10.89,0.1101,0.1856,24.19,0.02882,0.012,0.2889,0.08006,1
16.39,0.07115,0.1422,14.66,0.04957,0.01038,0.2048,0.07628,1
17.21,0.08785,0.1614,17.91,0.009127,0.004814,0.2364,0.07182,1
24.69,0.09258,0.1761,19.83,0.01796,0.00688,0.347,0.079,0
18.91,0.08217,0.1946,81.23,0.0404,0.01361,0.2841,0.06541,0
16.39,0.115,0.2001,39.84,0.03204,0.02258,0.259,0.07779,1
25.12,0.1015,0.2202,63.33,0.04755,0.01043,0.3305,0.08465,0
13.29,0.1066,0.188,15.24,0.01018,0.008094,0.3469,0.09241,1
19.48,0.1092,0.1931,48.31,0.02813,0.01093,0.2837,0.08019,0
21.54,0.1008,0.216,43.68,0.02219,0.009231,0.348,0.07619,0
13.93,0.09462,0.1816,27.94,0.01678,0.01268,0.2723,0.07071,1
21.91,0.0943,0.1692,68.35,0.02855,0.009148,0.3109,0.0761,0
22.47,0.09055,0.1585,19.87,0.02332,0.00892,0.2829,0.08067,0
16.67,0.1051,0.1339,34.37,0.02662,0.01307,0.1712,0.07343,1
15.39,0.09639,0.1734,12.67,0.01434,0.008602,0.2676,0.06765,1
17.57,0.1167,0.1957,101.9,0.06577,0.02801,0.3414,0.07147,0
13.39,0.1164,0.1771,26.33,0.02187,0.01965,0.2102,0.06784,1
11.97,0.0925,0.1903,12.26,0.0,0.0,0.3105,0.08151,1
18.05,0.09721,0.1861,74.08,0.03067,0.01167,0.2792,0.08158,0
17.31,0.1092,0.1645,21.38,0.01158,0.00952,0.2584,0.08096,1
15.92,0.08677,0.1778,16.64,0.0151,0.007584,0.3549,0.08118,1
14.97,0.07793,0.1399,17.74,0.02018,0.005612,0.23,0.06769,1
14.65,0.1152,0.1995,25.03,0.02789,0.0111,0.2727,0.1036,1
16.58,0.1091,0.2678,24.72,0.04649,0.01843,0.5774,0.103,0
18.77,0.08138,0.1744,39.43,0.05303,0.01527,0.2852,0.09218,1
15.18,0.0997,0.1724,21.2,0.03114,0.01493,0.2691,0.07683,1
17.91,0.07944,0.1473,21.47,0.0178,0.005828,0.235,0.07014,1
20.78,0.1135,0.254,34.78,0.01949,0.01153,0.3196,0.06435,1
20.7,0.09405,0.2222,10.21,0.07753,0.01022,0.3322,0.1486,1
15.34,0.1072,0.2548,49.85,0.396,0.05279,0.3108,0.1259,1
13.08,0.09754,0.183,15.48,0.01196,0.008232,0.2859,0.06772,1
15.34,0.09384,0.1822,22.79,0.03047,0.009536,0.3849,0.08633,1
17.94,0.08654,0.197,16.51,0.01994,0.007924,0.3113,0.08132,1
20.74,0.1115,0.1971,93.91,0.05206,0.01841,0.2463,0.07738,0
19.46,0.07445,0.1844,46.61,0.03056,0.0111,0.2527,0.05972,1
12.74,0.09311,0.159,13.25,0.008342,0.006273,0.2514,0.07898,1
12.96,0.07515,0.1442,18.54,0.001835,0.003576,0.2738,0.07685,1
20.18,0.1089,0.1993,38.34,0.04167,0.01152,0.3168,0.07987,1
15.94,0.08694,0.1741,119.3,0.04344,0.02794,0.2443,0.06251,0
18.15,0.112,0.2027,97.07,0.04029,0.01303,0.3643,0.09223,0
22.22,0.1012,0.1551,21.55,0.03125,0.01135,0.2268,0.09082,1
22.04,0.08439,0.1801,97.85,0.02822,0.01623,0.3589,0.09187,0
19.76,0.08421,0.1515,16.64,0.008268,0.006432,0.2646,0.06085,1
9.71,0.09594,0.1381,11.48,0.01099,0.005344,0.209,0.07699,1
18.8,0.08865,0.1893,67.34,0.02626,0.01604,0.281,0.07228,0
24.68,0.1049,0.1538,122.3,0.04644,0.01569,0.216,0.093,0
16.95,0.09855,0.178,24.28,0.007276,0.009073,0.2404,0.06428,1
12.39,0.1028,0.1959,17.43,0.01683,0.01241,0.2827,0.06771,1
19.63,0.09048,0.1598,43.4,0.02151,0.009443,0.2884,0.07371,0
11.89,0.1257,0.1966,44.64,0.04303,0.0132,0.3216,0.101,0
14.71,0.1006,0.1566,19.08,0.01453,0.01583,0.1902,0.07313,1
15.15,0.08792,0.1928,21.98,0.0,0.0,0.271,0.06164,1
14.45,0.09138,0.1722,11.36,0.0,0.0,0.2592,0.07848,1
18.06,0.09699,0.1669,27.48,0.1197,0.0246,0.2614,0.1162,1
20.11,0.09831,0.1794,31.59,0.05371,0.01813,0.3054,0.09519,0
22.22,0.06251,0.1395,14.34,0.001595,0.001852,0.2295,0.05843,1
13.06,0.08739,0.1466,21.79,0.00618,0.007408,0.1783,0.07319,1
21.87,0.1094,0.18,128.7,0.03109,0.01241,0.2856,0.08082,0
26.57,0.1141,0.2395,81.46,0.03872,0.01567,0.4098,0.1284,0
20.31,0.09597,0.1618,40.98,0.01954,0.009767,0.3437,0.08631,0
14.92,0.09059,0.1167,22.77,0.05915,0.01712,0.1811,0.07427,1
22.41,0.09057,0.1727,19.53,0.01774,0.006009,0.3175,0.09772,0
15.11,0.09267,0.1703,26.43,0.001597,0.002404,0.2933,0.07697,1
18.58,0.08588,0.1621,28.92,0.01412,0.006719,0.3206,0.06938,0
17.19,0.09774,0.1516,17.86,0.01978,0.01185,0.2572,0.07097,1
17.39,0.1007,0.1718,14.47,0.01556,0.00624,0.32,0.06576,1
15.9,0.0808,0.1667,18.32,0.02117,0.006433,0.2482,0.06306,1
23.12,0.1075,0.2384,31.72,0.1166,0.01666,0.5166,0.1446,0
21.41,0.08749,0.1694,53.65,0.02176,0.01757,0.2179,0.06871,1
18.22,0.0695,0.1653,21.69,0.0,0.0,0.1909,0.06559,1
26.86,0.1034,0.1943,34.44,0.03763,0.01321,0.3215,0.1205,0
23.21,0.1044,0.1737,25.2,0.05551,0.01883,0.3,0.08701,0
16.33,0.07941,0.1829,15.75,0.02321,0.00842,0.3024,0.06949,1
22.29,0.12,0.1834,49.7,0.04665,0.0206,0.308,0.09333,0
21.84,0.07371,0.177,76.36,0.0611,0.01444,0.2369,0.06558,0
22.49,0.08523,0.1767,54.22,0.02706,0.01221,0.3193,0.09221,0
20.22,0.09872,0.195,19.42,0.02,0.007303,0.4753,0.1013,0
19.56,0.09586,0.1979,27.24,0.01401,0.0114,0.2668,0.08174,1
19.32,0.08968,0.1506,40.73,0.02713,0.01345,0.2928,0.07867,0
26.67,0.1141,0.22,83.16,0.08958,0.02465,0.3198,0.08762,0
23.75,0.1323,0.2251,52.72,0.03112,0.01291,0.4432,0.1086,0
18.6,0.09965,0.1925,30.29,0.02701,0.01037,0.3014,0.0875,1
16.68,0.08876,0.1594,26.44,0.02039,0.00826,0.3415,0.0974,0
17.27,0.1089,0.1934,12.33,0.007975,0.007527,0.2989,0.0738,1
20.26,0.08772,0.2026,68.46,0.01946,0.01123,0.3275,0.06469,0
22.54,0.1002,0.185,15.09,0.02526,0.008304,0.4128,0.1076,1
12.91,0.08182,0.1359,20.0,0.01841,0.007373,0.232,0.07474,1
22.14,0.0909,0.1765,111.7,0.05489,0.02765,0.2909,0.05865,0
18.94,0.08871,0.1533,17.12,0.02045,0.006747,0.2535,0.07993,1
18.47,0.1142,0.1648,525.6,0.06389,0.01407,0.1648,0.05525,0
25.56,0.1006,0.1308,58.53,0.1438,0.03927,0.1603,0.06818,0
23.81,0.09463,0.2235,31.0,0.03688,0.01627,0.4724,0.1026,0
16.93,0.1026,0.2106,22.69,0.03909,0.01435,0.363,0.1059,0
18.35,0.09363,0.1967,21.46,0.05946,0.01785,0.3397,0.08365,1
17.48,0.08054,0.1964,22.79,0.05774,0.01071,0.2868,0.07809,1
21.56,0.09383,0.2094,124.4,0.03446,0.01712,0.307,0.08255,0
32.47,0.0842,0.1428,109.9,0.02664,0.01078,0.2713,0.07568,0
13.16,0.09646,0.136,17.4,0.01652,0.006659,0.238,0.08718,1
13.9,0.1051,0.1962,21.03,0.02544,0.00836,0.3065,0.08177,1
17.53,0.1061,0.191,15.05,0.008534,0.007624,0.3055,0.08797,1
20.25,0.1025,0.1935,32.19,0.02384,0.008637,0.3993,0.1064,0
17.02,0.08445,0.1496,24.68,0.02259,0.009057,0.2506,0.07623,1
13.47,0.09906,0.2075,48.29,0.0236,0.01286,0.3062,0.06072,1
15.46,0.1053,0.1788,11.86,0.002817,0.004972,0.2615,0.08269,1
15.51,0.08371,0.1881,19.88,0.03644,0.01155,0.2954,0.08362,1
23.97,0.07903,0.1514,18.51,0.03016,0.008691,0.2826,0.09585,1
22.33,0.1088,0.2123,25.13,0.04683,0.01499,0.3407,0.1243,0
19.08,0.1141,0.2131,31.98,0.03055,0.01384,0.3109,0.09061,0
27.08,0.06883,0.1869,8.605,0.01633,0.003125,0.2849,0.07087,1
33.81,0.0778,0.1845,15.46,0.003223,0.003419,0.2911,0.07307,1
27.81,0.09159,0.1448,70.01,0.03457,0.01091,0.2437,0.08328,0
15.91,0.08464,0.1551,12.64,0.01186,0.009623,0.2757,0.08178,1
21.25,0.0907,0.1517,22.07,0.007302,0.01004,0.2226,0.07617,1
26.97,0.09509,0.1909,155.8,0.04497,0.01716,0.3103,0.08677,0
21.46,0.08355,0.1467,83.5,0.04257,0.01671,0.2238,0.07127,0
27.85,0.08223,0.1342,29.96,0.0385,0.01011,0.189,0.07796,1
39.28,0.09812,0.1809,49.0,0.02602,0.01374,0.2853,0.08496,0
15.6,0.09423,0.1717,27.19,0.0181,0.01103,0.253,0.0651,1
15.04,0.07926,0.1546,9.006,0.006493,0.003762,0.2901,0.06783,1
18.19,0.09592,0.2054,16.39,0.0888,0.01314,0.3308,0.1297,1
23.77,0.08043,0.1773,39.93,0.03371,0.01007,0.2663,0.06321,1
23.5,0.1027,0.1978,60.41,0.03915,0.01559,0.292,0.07614,0
19.86,0.107,0.1737,23.22,0.01865,0.01133,0.2883,0.07748,1
17.43,0.07215,0.1487,13.56,0.03079,0.005383,0.2767,0.07198,1
14.11,0.0876,0.1596,16.35,0.08158,0.0137,0.2639,0.1178,1
25.22,0.09657,0.1897,16.64,0.01081,0.006245,0.3409,0.08147,1
14.93,0.1013,0.1883,18.62,0.02105,0.01006,0.2664,0.07809,1
23.56,0.1007,0.2205,137.9,0.09518,0.01864,0.3126,0.07849,0
18.45,0.09345,0.1834,26.99,0.01245,0.009175,0.274,0.06487,1
19.82,0.1062,0.1733,92.81,0.068,0.01971,0.2749,0.1297,0
17.08,0.1008,0.1813,33.63,0.02332,0.01262,0.3138,0.08113,0
19.33,0.1035,0.1776,71.0,0.02749,0.01267,0.3379,0.0895,0
17.05,0.1096,0.1908,35.74,0.03119,0.01342,0.3068,0.07957,0
28.77,0.0926,0.1893,106.4,0.03863,0.01519,0.2818,0.1005,0
17.27,0.1335,0.2398,59.46,0.04983,0.02127,0.3258,0.1191,0
23.2,0.1109,0.2495,138.5,0.08232,0.03024,0.3277,0.1019,0
33.56,0.1063,0.2091,23.02,0.02889,0.01022,0.3512,0.1204,0
27.06,0.1,0.1814,52.34,0.02117,0.008185,0.3151,0.07999,0
23.06,0.08662,0.1564,44.41,0.01246,0.007671,0.2452,0.06515,0
22.13,0.08999,0.2108,90.94,0.04638,0.02149,0.3067,0.07484,0
19.38,0.0784,0.1547,22.18,0.01311,0.005174,0.2683,0.06829,0
22.07,0.09726,0.1867,45.42,0.02048,0.009875,0.3216,0.0757,0
31.12,0.09469,0.1769,199.7,0.02143,0.00928,0.2868,0.08218,0
18.95,0.09688,0.1922,27.1,0.03354,0.01365,0.294,0.07587,1
21.84,0.07956,0.1635,26.76,0.03099,0.009919,0.2446,0.07024,1
16.21,0.09425,0.201,18.24,0.02589,0.00633,0.3604,0.07062,1
20.39,0.1082,0.1668,20.74,0.07339,0.01745,0.2605,0.08701,1
16.82,0.06429,0.1508,10.77,0.004826,0.003608,0.2458,0.0612,1
13.04,0.09834,0.1769,13.17,0.01282,0.008849,0.2733,0.08022,1
20.99,0.09401,0.1721,156.8,0.06329,0.01561,0.2833,0.08858,0
15.67,0.09037,0.2081,16.39,0.008347,0.009472,0.2841,0.08175,1
24.48,0.08855,0.1538,45.81,0.01622,0.008522,0.2504,0.07948,0
17.36,0.1225,0.2015,48.84,0.01267,0.0191,0.222,0.06033,1
14.16,0.09379,0.1954,17.09,0.001487,0.003333,0.2758,0.06386,1
19.98,0.08923,0.155,36.74,0.02623,0.01463,0.2567,0.05737,0
17.84,0.07948,0.1573,22.22,0.01065,0.005044,0.2335,0.06263,1
15.18,0.09516,0.211,19.41,0.01457,0.01043,0.2955,0.06912,1
26.6,0.102,0.1902,69.65,0.03988,0.01293,0.3258,0.0972,0
14.02,0.07813,0.2101,37.83,0.01514,0.01846,0.3101,0.06688,1
18.18,0.1037,0.1893,53.16,0.03059,0.01499,0.359,0.07787,0
18.77,0.1066,0.1876,28.09,0.03872,0.01209,0.277,0.1063,0
15.7,0.07818,0.1432,23.29,0.07927,0.01774,0.1999,0.07127,1
18.4,0.08393,0.1697,22.45,0.00186,0.002924,0.2505,0.06431,1
20.76,0.08605,0.1588,21.91,0.04387,0.01633,0.2465,0.09981,1
13.12,0.06955,0.1337,12.68,0.01652,0.005905,0.2309,0.06915,1
19.96,0.0802,0.2595,34.68,0.08099,0.03487,0.2955,0.07009,1
18.89,0.08713,0.2013,17.49,0.01376,0.009924,0.3267,0.06994,1
19.73,0.08757,0.1714,77.11,0.0996,0.02771,0.2272,0.08799,1
19.1,0.08992,0.1879,24.87,0.01536,0.01187,0.2962,0.08472,1
16.02,0.1005,0.173,17.67,0.02335,0.01132,0.338,0.09584,1
17.46,0.08372,0.1875,13.88,0.01412,0.008578,0.3101,0.07007,1
13.78,0.09667,0.1638,13.38,0.006564,0.007978,0.2369,0.06922,1
13.27,0.09198,0.1592,17.74,0.004272,0.006829,0.2823,0.06794,1
12.35,0.08518,0.1449,11.09,0.01072,0.009393,0.2143,0.06643,1
18.14,0.09968,0.1619,49.11,0.01272,0.01432,0.1978,0.06915,0
18.17,0.06576,0.1635,20.56,0.01079,0.005243,0.2636,0.07676,1
23.09,0.1015,0.1695,20.56,0.01861,0.0125,0.2227,0.06777,1
18.9,0.115,0.1792,133.0,0.05638,0.01733,0.2968,0.09929,0
19.89,0.08451,0.1781,28.32,0.04712,0.01403,0.2685,0.07764,1
23.86,0.108,0.2249,130.8,0.07649,0.01936,0.3294,0.09469,0
18.61,0.1068,0.1482,10.08,0.01808,0.009199,0.2213,0.07842,1
18.16,0.08853,0.1411,22.93,0.02221,0.007807,0.2208,0.07638,1
24.49,0.07474,0.1935,18.21,0.01596,0.006998,0.3244,0.06745,1
15.82,0.08511,0.1632,15.5,0.001128,0.002386,0.2651,0.08385,1
14.4,0.07005,0.1788,9.789,0.003681,0.003472,0.2991,0.07804,1
12.71,0.07376,0.1365,20.39,0.00203,0.003242,0.2267,0.06192,1
13.84,0.08352,0.1453,33.01,0.002831,0.004821,0.2107,0.0658,1
19.11,0.08814,0.1936,11.28,0.01042,0.007638,0.3487,0.06958,1
15.69,0.07618,0.1632,28.9,0.005325,0.006324,0.253,0.05695,1
13.37,0.08794,0.1601,25.18,0.03137,0.01069,0.2564,0.08253,1
10.72,0.08597,0.1833,9.438,0.01003,0.004667,0.339,0.07434,1
18.6,0.1074,0.2163,17.81,0.0,0.0,0.3142,0.08116,1
16.85,0.08511,0.1215,12.69,0.00262,0.00339,0.1917,0.06174,1
14.08,0.07734,0.1673,15.82,0.01123,0.005051,0.2293,0.06037,1
18.87,0.09746,0.1807,48.9,0.02408,0.01143,0.2812,0.08198,0
18.9,0.09968,0.233,24.2,0.1027,0.02527,0.3135,0.1055,1
17.0,0.07557,0.1472,31.16,0.009959,0.0112,0.1901,0.05932,1
16.18,0.1061,0.1743,22.68,0.04004,0.01544,0.2608,0.09702,1
19.66,0.0802,0.1928,74.85,0.02645,0.01247,0.3055,0.05933,0
13.32,0.1134,0.1543,16.57,0.01902,0.01011,0.2382,0.08553,1
21.51,0.117,0.2569,69.06,0.0319,0.01369,0.5558,0.1024,0
15.21,0.08673,0.1638,19.01,0.01051,0.005142,0.2661,0.07961,1
17.3,0.1028,0.1707,17.61,0.01329,0.006474,0.2688,0.06888,1
12.88,0.09309,0.1373,23.92,0.005717,0.006627,0.21,0.07083,1
17.93,0.07683,0.1382,16.97,0.001184,0.003951,0.2171,0.07037,1
20.71,0.1169,0.1948,44.41,0.03248,0.01392,0.3103,0.082,0
21.88,0.1165,0.1869,57.72,0.05839,0.01186,0.2736,0.07953,0
15.51,0.09491,0.1782,33.27,0.03715,0.01459,0.3019,0.09124,0
19.35,0.09579,0.1761,20.65,0.04393,0.009811,0.3596,0.09166,1
19.86,0.1054,0.194,19.62,0.003297,0.004967,0.3292,0.06522,1
14.78,0.08306,0.1773,15.07,0.0009737,0.002941,0.2815,0.07418,1
19.02,0.08313,0.1539,13.24,0.007004,0.006522,0.2554,0.07207,1
21.0,0.1119,0.1727,87.17,0.04502,0.01744,0.2623,0.07599,0
14.23,0.09462,0.1652,14.41,0.03113,0.007315,0.2432,0.1009,1
21.43,0.09116,0.1953,88.25,0.03914,0.01816,0.3679,0.0987,0
17.53,0.1007,0.189,16.85,0.0169,0.008043,0.2894,0.07664,1
24.27,0.1069,0.1797,164.1,0.03582,0.01301,0.2593,0.07738,0
16.54,0.09751,0.1912,32.14,0.0384,0.01243,0.3053,0.08764,1
16.84,0.08481,0.2036,12.07,0.05028,0.00851,0.2982,0.09825,1
14.96,0.1033,0.1776,10.8,0.02758,0.0101,0.3301,0.0908,1
21.68,0.09797,0.2082,67.66,0.04345,0.01806,0.4045,0.07918,0
15.45,0.115,0.2009,24.53,0.01651,0.01121,0.2765,0.07806,1
14.71,0.09882,0.1633,19.33,0.02611,0.01296,0.2434,0.08488,1
18.9,0.08386,0.1555,18.02,0.005832,0.005495,0.288,0.08083,1
14.74,0.08875,0.1521,29.06,0.01855,0.01067,0.3109,0.08187,1
16.03,0.09076,0.1634,12.25,0.0094,0.006315,0.2851,0.08763,1
14.96,0.1158,0.2459,26.65,0.007816,0.01052,0.3124,0.0759,1
17.07,0.07561,0.1671,26.03,0.005949,0.006296,0.2731,0.06825,1
19.22,0.1243,0.2375,51.22,0.09953,0.02283,0.4245,0.105,0
17.46,0.1149,0.1956,153.1,0.04266,0.01508,0.369,0.08815,0
25.74,0.1024,0.1647,63.37,0.04912,0.01746,0.2654,0.09438,0
14.07,0.07274,0.169,28.84,0.04505,0.01471,0.2576,0.07018,1
19.07,0.0876,0.1533,27.49,0.06271,0.01966,0.2121,0.07188,1
18.59,0.1082,0.2035,21.57,0.05112,0.01876,0.3113,0.08317,1
16.21,0.08743,0.1424,20.74,0.005254,0.006042,0.2362,0.07113,1
15.49,0.08293,0.193,30.18,0.03214,0.01506,0.2434,0.07431,1
18.32,0.1009,0.1506,30.48,0.02348,0.006565,0.2454,0.08136,1
18.07,0.07436,0.1528,28.3,0.0007929,0.003617,0.2233,0.05521,1
21.57,0.08582,0.1815,20.98,0.01795,0.006399,0.2637,0.06658,1
18.84,0.09676,0.1759,17.26,0.01529,0.009997,0.2744,0.07238,1
18.29,0.09686,0.1495,33.58,0.01832,0.01033,0.2394,0.06469,1
16.95,0.07937,0.165,13.22,0.01451,0.005484,0.2741,0.07582,1
21.78,0.0915,0.1618,72.44,0.02375,0.01461,0.2609,0.06735,0
26.83,0.09905,0.1875,103.6,0.05904,0.02536,0.3271,0.07632,0
18.02,0.09231,0.1695,18.57,0.02,0.007087,0.3218,0.0747,1
17.25,0.09384,0.1717,224.1,0.02096,0.01197,0.251,0.06494,0
21.9,0.1063,0.1824,130.2,0.03576,0.01471,0.2741,0.08574,0
23.29,0.09742,0.2175,45.5,0.06072,0.01656,0.4824,0.09614,0
13.21,0.07963,0.1721,17.72,0.01551,0.009155,0.2487,0.06766,1
15.1,0.1001,0.1973,39.06,0.03437,0.01343,0.273,0.08666,0
17.35,0.09446,0.1571,77.02,0.02681,0.01232,0.2689,0.07055,0
16.07,0.08302,0.1872,14.0,0.01169,0.006335,0.3323,0.07701,1
16.07,0.0988,0.199,14.91,0.01951,0.01196,0.3153,0.0896,1
20.22,0.09073,0.2188,7.228,0.1535,0.02919,0.2597,0.12,1
28.21,0.07517,0.1421,14.91,0.007508,0.005179,0.2694,0.07061,1
15.15,0.08268,0.1792,11.35,0.02443,0.008356,0.3387,0.09638,1
18.83,0.1216,0.2196,13.99,0.04588,0.01339,0.4154,0.1403,0
12.96,0.1237,0.2018,16.04,0.02101,0.01164,0.3343,0.09215,1
14.93,0.07987,0.2003,11.68,0.01723,0.00696,0.3202,0.07287,1
22.72,0.06935,0.1203,9.549,0.04305,0.01667,0.2191,0.09349,1
17.48,0.1042,0.1779,19.2,0.04757,0.01051,0.2819,0.1118,1
13.72,0.08363,0.1617,15.26,0.02828,0.008468,0.2736,0.0732,1
23.29,0.08682,0.1627,33.01,0.03389,0.01576,0.2477,0.06836,0
14.09,0.08108,0.1646,19.96,0.04344,0.01087,0.2677,0.08824,1
16.16,0.07026,0.1607,23.12,0.01988,0.007016,0.2542,0.06623,1
15.5,0.08365,0.181,22.97,0.09472,0.02047,0.2157,0.1043,1
23.21,0.101,0.1989,70.1,0.07469,0.03441,0.2576,0.07602,0
12.22,0.09996,0.18,11.88,0.008496,0.006929,0.2937,0.07722,1
16.84,0.1039,0.1985,28.85,0.0,0.0,0.2445,0.08865,1
19.97,0.116,0.1929,66.91,0.04972,0.01639,0.3187,0.1019,0
22.28,0.1167,0.2162,80.99,0.04718,0.01288,0.3828,0.1007,0
17.72,0.1029,0.1937,22.22,0.01843,0.007513,0.3049,0.07081,1
17.18,0.08045,0.1641,12.67,0.01132,0.009155,0.2523,0.06609,1
18.89,0.1059,0.1806,19.29,0.03304,0.01367,0.2666,0.07686,1
17.46,0.08044,0.1574,30.57,0.04545,0.01384,0.1988,0.07053,1
14.83,0.07741,0.1535,12.98,0.0194,0.004168,0.259,0.09158,1
17.26,0.09087,0.1847,25.06,0.02079,0.005398,0.2779,0.08121,1
21.02,0.123,0.2113,41.51,0.06165,0.01051,0.3245,0.1198,0
10.91,0.08872,0.1601,18.95,0.01376,0.005832,0.246,0.07262,1
18.29,0.07351,0.1874,20.21,0.03452,0.01065,0.3207,0.07247,1
16.17,0.09879,0.1735,11.36,0.01613,0.007308,0.3297,0.07834,1
14.95,0.08682,0.1571,30.15,0.01307,0.0103,0.2298,0.05974,1
18.59,0.1004,0.1486,25.78,0.0199,0.01155,0.2251,0.07732,1
14.86,0.09495,0.1735,21.83,0.01831,0.008747,0.2778,0.07012,1
21.37,0.07551,0.158,41.24,0.05175,0.01341,0.2488,0.08151,1
20.66,0.1036,0.1992,49.81,0.02509,0.0148,0.306,0.08503,0
17.92,0.08685,0.1966,25.79,0.02059,0.01075,0.3455,0.06896,1
17.57,0.08858,0.1601,13.66,0.01163,0.005872,0.2973,0.07745,1
16.83,0.1077,0.1714,13.54,0.01056,0.007483,0.2998,0.07881,1
21.68,0.07969,0.1274,6.802,0.03735,0.005128,0.2376,0.09206,1
22.11,0.08515,0.1944,28.51,0.03312,0.01196,0.3163,0.09251,1
29.81,0.0832,0.1852,45.38,0.02489,0.009087,0.3233,0.06165,0
21.17,0.09773,0.2019,19.53,0.0163,0.009276,0.3075,0.07351,1
21.7,0.1044,0.2025,25.17,0.01367,0.008674,0.2872,0.08304,1
21.08,0.112,0.2085,176.5,0.04493,0.02139,0.3003,0.1048,0
12.17,0.08785,0.1583,17.37,0.009075,0.008231,0.2775,0.09464,1
21.41,0.1018,0.1615,18.99,0.006972,0.006159,0.2976,0.07123,1
19.04,0.08546,0.2031,20.3,0.04447,0.008799,0.3035,0.08284,1
13.98,0.1031,0.2086,49.45,0.05278,0.0158,0.2827,0.09208,1
16.02,0.1088,0.1886,15.89,0.02631,0.01304,0.2787,0.07427,1
19.13,0.09057,0.1848,19.36,0.03669,0.01274,0.2744,0.08839,1
19.12,0.1075,0.2538,43.52,0.006021,0.01052,0.3196,0.08009,1
21.28,0.08117,0.163,11.6,0.002074,0.003527,0.2349,0.08061,1
14.98,0.09816,0.1925,20.77,0.05263,0.01264,0.302,0.09646,1
21.98,0.08801,0.2016,20.2,0.02991,0.01045,0.2965,0.07662,1
16.62,0.08151,0.1511,9.704,0.009398,0.006189,0.2383,0.07083,1
17.67,0.07896,0.1459,23.24,0.005383,0.005623,0.2165,0.06025,1
22.53,0.09947,0.2041,24.19,0.07926,0.02234,0.2866,0.1155,0
17.68,0.1054,0.1811,15.43,0.04861,0.01167,0.2556,0.09359,1
19.54,0.1133,0.1724,52.49,0.05546,0.0191,0.3032,0.08075,0
21.97,0.1018,0.1943,103.9,0.05321,0.01834,0.3007,0.08314,0
16.94,0.08924,0.1573,23.92,0.01461,0.008281,0.2525,0.06827,1
19.62,0.106,0.1669,18.85,0.02185,0.009567,0.3179,0.1055,0
19.54,0.09136,0.1861,26.5,0.007066,0.006502,0.3313,0.07735,1
15.98,0.08458,0.1714,32.74,0.01608,0.009046,0.2725,0.07234,1
19.6,0.08684,0.1555,29.63,0.005812,0.007039,0.2513,0.06911,1
15.66,0.07966,0.1589,19.25,0.009213,0.01076,0.2136,0.0671,1
17.2,0.08915,0.1489,18.15,0.0643,0.01768,0.254,0.09532,1
25.42,0.08331,0.1467,58.38,0.04942,0.01742,0.25,0.07944,0
15.79,0.08817,0.1405,29.34,0.007741,0.005657,0.1859,0.0681,1
18.32,0.08142,0.2372,13.12,0.01993,0.01111,0.2699,0.06736,1
16.85,0.08947,0.172,35.77,0.02975,0.009753,0.2842,0.08225,0
24.89,0.103,0.182,19.39,0.02334,0.01665,0.2599,0.08251,1
28.03,0.09997,0.1713,43.95,0.03697,0.0111,0.2972,0.09075,0
17.66,0.09179,0.1893,19.75,0.01758,0.006897,0.36,0.07285,1
19.34,0.08388,0.1473,23.04,0.03379,0.008848,0.2471,0.07463,1
20.52,0.09684,0.1554,81.89,0.03185,0.01466,0.2268,0.07425,0
21.54,0.06613,0.1349,20.24,0.06663,0.01553,0.2305,0.09952,1
25.0,0.1032,0.1663,56.18,0.04907,0.01499,0.2293,0.06091,0
28.23,0.08437,0.1615,13.86,0.02941,0.009166,0.2447,0.08194,1
13.98,0.1099,0.165,25.7,0.01615,0.01136,0.2606,0.0781,1
17.15,0.08583,0.1799,13.32,0.01256,0.006888,0.327,0.0733,1
30.72,0.09245,0.1375,28.93,0.007936,0.009128,0.2196,0.07675,1
29.29,0.09357,0.1799,23.13,0.04275,0.009215,0.2884,0.0722,1
25.25,0.08791,0.1619,17.58,0.0151,0.006451,0.2444,0.06788,1
25.13,0.08369,0.1667,21.19,0.005681,0.006336,0.2306,0.06291,1
28.2,0.07984,0.1621,11.28,0.0145,0.006104,0.2321,0.07211,1
27.15,0.09898,0.1793,115.2,0.02721,0.01458,0.301,0.0906,0
26.27,0.1084,0.2061,542.2,0.08055,0.02598,0.2641,0.07427,0
26.99,0.06995,0.1707,20.52,0.01971,0.00637,0.2345,0.06464,1
18.36,0.08508,0.1516,12.89,0.0208,0.007497,0.321,0.07863,1
18.22,0.07466,0.1454,16.89,0.01564,0.008463,0.2235,0.06925,1
20.13,0.08284,0.1601,23.81,0.07683,0.01368,0.2845,0.1249,1
20.74,0.08675,0.1562,27.4,0.04615,0.01254,0.2563,0.08174,1
18.1,0.08311,0.168,20.98,0.01031,0.003934,0.3057,0.07875,1
23.33,0.09289,0.1696,104.9,0.06591,0.02311,0.2301,0.1224,0
18.18,0.1175,0.1957,27.85,0.04961,0.01841,0.266,0.0927,1
18.49,0.08946,0.2238,22.73,0.02714,0.009883,0.3174,0.08524,1
28.14,0.08752,0.1854,44.96,0.01465,0.01183,0.2404,0.06639,1
14.93,0.08098,0.1687,23.31,0.0231,0.008399,0.2688,0.08273,1
29.97,0.07699,0.1701,35.13,0.0,0.0,0.2409,0.06743,1
15.62,0.1007,0.1861,9.597,0.02757,0.006691,0.2581,0.108,1
15.73,0.0904,0.1705,11.64,0.03318,0.00836,0.3006,0.07802,1
20.53,0.08931,0.1506,31.01,0.02821,0.0135,0.2534,0.07858,1
16.62,0.06828,0.1813,14.03,0.009904,0.004832,0.2679,0.07698,1
14.59,0.1046,0.1779,14.34,0.04156,0.008038,0.2941,0.0918,1
19.51,0.1026,0.2151,33.12,0.08079,0.02215,0.3318,0.09136,0
18.03,0.09087,0.1464,16.26,0.01397,0.005161,0.2406,0.07729,1
19.24,0.07991,0.1579,28.41,0.0153,0.006275,0.2356,0.07603,1
14.06,0.1071,0.1779,12.84,0.01334,0.008791,0.3227,0.09326,1
17.64,0.0995,0.1732,20.64,0.01698,0.009233,0.2518,0.0696,1
11.28,0.1043,0.1784,13.87,0.03336,0.01067,0.2557,0.08181,1
16.41,0.09514,0.2082,30.19,0.1114,0.02721,0.3231,0.1034,1
16.85,0.08641,0.1409,19.98,0.018,0.006144,0.2455,0.06596,1
18.82,0.1089,0.1823,67.74,0.04256,0.01176,0.3266,0.09009,0
16.17,0.1128,0.1853,27.57,0.01851,0.01167,0.2804,0.08024,1
20.2,0.07497,0.1846,22.95,0.01423,0.005297,0.4677,0.07623,0
22.44,0.08192,0.1544,18.04,0.00941,0.004551,0.31,0.08203,1
13.23,0.07838,0.122,50.95,0.01153,0.007437,0.1783,0.05871,1
20.56,0.1001,0.2116,89.74,0.03737,0.01648,0.3251,0.07625,0
12.83,0.07372,0.1613,24.6,0.006416,0.007895,0.228,0.07028,1
20.54,0.07335,0.1713,26.07,0.01341,0.005564,0.2687,0.07429,1
20.21,0.09587,0.1487,21.84,0.02153,0.01183,0.2369,0.06599,1
18.17,0.1076,0.1641,18.4,0.02636,0.01032,0.323,0.1033,1
17.31,0.08928,0.1526,11.91,0.01346,0.007096,0.3035,0.07661,1
17.52,0.1012,0.1832,95.77,0.04435,0.01573,0.251,0.09445,0
21.24,0.1085,0.1848,75.09,0.04062,0.01479,0.248,0.08999,0
16.74,0.09883,0.1668,34.84,0.01996,0.01004,0.2177,0.08549,1
24.49,0.1162,0.2275,39.05,0.03476,0.01616,0.3651,0.1183,0
16.32,0.1158,0.1943,18.49,0.02575,0.01161,0.3155,0.07538,1
19.83,0.09342,0.1505,180.2,0.03976,0.02156,0.2908,0.07277,0
12.87,0.1634,0.2378,20.04,0.03483,0.02188,0.3038,0.1252,1
13.14,0.1255,0.2057,17.67,0.05189,0.0145,0.2848,0.1364,1
20.04,0.1096,0.2124,12.58,0.03966,0.009894,0.2709,0.08839,1
17.12,0.1194,0.1954,12.3,0.018,0.01285,0.278,0.1168,1
15.7,0.09427,0.1711,20.67,0.0247,0.01431,0.23,0.0723,1
23.95,0.1183,0.1807,32.52,0.06019,0.02041,0.3013,0.1067,0
14.69,0.08099,0.1499,13.04,0.04017,0.01528,0.2604,0.09879,1
14.7,0.08472,0.1659,20.72,0.01482,0.01056,0.2334,0.06142,1
20.52,0.1106,0.2116,33.67,0.03452,0.01334,0.3585,0.1109,0
13.66,0.09832,0.1739,37.11,0.03035,0.008648,0.2626,0.07048,1
19.07,0.09215,0.1561,38.49,0.02967,0.009423,0.2282,0.06954,0
18.61,0.1049,0.1927,18.19,0.02099,0.01107,0.306,0.06783,1
20.58,0.1068,0.186,67.36,0.02913,0.01046,0.3074,0.07863,0
20.26,0.1037,0.1802,59.7,0.03052,0.01178,0.2549,0.09136,0
18.22,0.1218,0.1709,34.37,0.01405,0.01244,0.2582,0.08893,1
16.7,0.1125,0.212,28.62,0.01977,0.009199,0.3071,0.08557,1
13.9,0.1371,0.2197,19.63,0.02197,0.0158,0.3681,0.08982,1
21.6,0.103,0.1991,139.9,0.03571,0.01597,0.3157,0.09671,0
19.83,0.08511,0.1637,9.332,0.003846,0.004065,0.2557,0.07613,1
18.68,0.09916,0.1714,26.45,0.02086,0.01352,0.2849,0.09031,1
15.68,0.09492,0.1387,15.24,0.01062,0.006801,0.2502,0.09209,1
13.1,0.1036,0.1678,7.254,0.01801,0.00732,0.2983,0.1049,1
18.75,0.1075,0.1723,16.07,0.01509,0.007369,0.3518,0.08665,1
12.27,0.09003,0.1689,8.955,0.008732,0.00574,0.311,0.07592,1
13.17,0.1248,0.1976,44.74,0.04763,0.02853,0.216,0.07253,1
13.44,0.11,0.1657,18.54,0.01798,0.007986,0.2781,0.08052,1
17.56,0.1073,0.1598,30.66,0.01737,0.01316,0.2478,0.07757,1
20.02,0.1016,0.1859,15.34,0.0184,0.005298,0.3206,0.0895,1
16.33,0.09277,0.1631,17.25,0.007078,0.005077,0.2806,0.07782,1
20.67,0.09156,0.2166,100.4,0.04093,0.01699,0.322,0.06386,0
17.62,0.09687,0.1619,10.09,0.04401,0.01346,0.2289,0.08278,1
20.86,0.1046,0.2127,87.78,0.04005,0.01421,0.3077,0.07569,0
22.55,0.1038,0.1926,18.54,0.04645,0.01276,0.2698,0.08351,0
24.44,0.1236,0.2131,20.95,0.01865,0.01766,0.2803,0.0997,1
25.49,0.08098,0.187,19.14,0.0,0.0,0.3058,0.09938,1
25.44,0.08668,0.2037,11.73,0.09252,0.01364,0.279,0.1066,1
14.44,0.09984,0.1818,20.86,0.05553,0.01494,0.2329,0.08134,1
24.99,0.08837,0.1872,23.11,0.03829,0.01162,0.3187,0.1023,1
25.42,0.08275,0.184,27.41,0.01947,0.01269,0.2722,0.06956,1
28.06,0.08671,0.1628,17.85,0.01498,0.009117,0.2473,0.06443,1
20.7,0.09578,0.162,23.12,0.02615,0.009061,0.2249,0.08492,1
23.23,0.09246,0.1664,31.24,0.02021,0.009064,0.2642,0.06953,1
16.35,0.09434,0.1885,12.97,0.01012,0.005495,0.2681,0.07399,1
16.58,0.08877,0.1669,7.326,0.02613,0.01097,0.2691,0.09479,1
19.34,0.08491,0.158,18.24,0.02337,0.009615,0.2552,0.0792,1
24.21,0.08192,0.1976,33.0,0.01277,0.005917,0.3059,0.07626,1
21.48,0.07431,0.1661,20.67,0.0,0.0,0.2458,0.06592,1
22.44,0.09566,0.203,17.85,0.03445,0.01024,0.3169,0.08032,1
29.43,0.08276,0.1539,18.76,0.01328,0.009305,0.2407,0.06484,1
21.94,0.0924,0.1692,17.86,0.03996,0.01282,0.2435,0.07393,1
28.92,0.08123,0.1566,16.83,0.03898,0.00762,0.2372,0.07242,1
27.61,0.0903,0.1593,14.46,0.04804,0.01721,0.2226,0.08283,1
19.59,0.1003,0.1791,16.8,0.004174,0.007082,0.2262,0.06742,1
27.88,0.08123,0.1742,29.11,0.0,0.0,0.2475,0.06969,1
22.68,0.08473,0.1454,19.54,0.06578,0.01606,0.2258,0.08004,1
23.93,0.09261,0.1388,16.97,0.05738,0.01267,0.2112,0.08732,1
27.15,0.09929,0.1537,29.84,0.02071,0.01626,0.225,0.08321,1
29.37,0.07449,0.106,22.81,0.0,0.0,0.1566,0.05905,1
30.62,0.1048,0.2128,22.65,0.07359,0.01608,0.4089,0.1409,0
25.09,0.1099,0.2149,118.8,0.07845,0.02624,0.2929,0.09873,0
22.39,0.111,0.1726,158.7,0.05198,0.02454,0.206,0.07115,0
28.25,0.0978,0.1752,99.04,0.0395,0.01678,0.2572,0.06637,0
28.08,0.08455,0.159,48.55,0.0473,0.01557,0.2218,0.0782,0
29.33,0.1178,0.2397,86.22,0.07117,0.01664,0.4087,0.124,0
24.54,0.05263,0.1587,19.15,0.0,0.0,0.2871,0.07039,1
